,textile_firms,total_firms,policy_intensity_total,policy_doc_count,policy_composite
textile_firms,1.0,0.9320225658530538,0.46646127416565014,0.6738889695265865,0.3954482294220365
total_firms,0.9320225658530538,1.0,0.49152708683143675,0.6748540833294914,0.3872858759344463
policy_intensity_total,0.46646127416565014,0.49152708683143675,1.0,0.1793598316238105,0.29014177040708045
policy_doc_count,0.6738889695265865,0.6748540833294914,0.1793598316238105,1.0,0.07057195778657846
policy_composite,0.3954482294220365,0.3872858759344463,0.29014177040708045,0.07057195778657846,1.0
